Название,Континент,Столица,Площадь,Население
Австралия,Океания,Канберра,7692024,25687041
Бразилия,Южная Америка,Бразилиа,8515767,213993437
Германия,Европа,Берлин,357022,83149300
Индия,Азия,Нью-Дели,3287263,1393409038
Канада,Северная Америка,Оттава,9984670,38005238
Китай,Азия,Пекин,9596961,1412600000
Россия,Европа,Москва,17098242,146748590
США,Северная Америка,Вашингтон,9833517,331893745
Франция,Европа,Париж,551695,67413000
Япония,Азия,Токио,377975,125836021
